{
  "lastUpdated": "2026-02-21T18:24:16.151Z",
  "rippers": [
    {
      "name": "19hz",
      "description": "19hz.info",
      "friendlyLink": "https://19hz.info/eventlisting_Seattle.php",
      "calendars": [
        {
          "name": "all-events",
          "friendlyName": "19hz.info Electronic Music Events",
          "icsUrl": "19hz-all-events.ics",
          "tags": [
            "Music"
          ]
        }
      ]
    },
    {
      "name": "ballard-brewed",
      "description": "Coalition of Ballard neighborhood breweries hosting collaborative events, beer releases, and community gatherings across the brewery district",
      "friendlyLink": "https://www.ballardbrewed.com/events",
      "calendars": [
        {
          "name": "all-events",
          "friendlyName": "Ballard Brewed",
          "icsUrl": "ballard-brewed-all-events.ics",
          "tags": [
            "Beer",
            "Ballard"
          ]
        }
      ]
    },
    {
      "name": "bbyc-ballard",
      "description": "BBYC Ballard (Bale Breaker & Yonder Cider)",
      "friendlyLink": "https://www.bbycballard.com/events-one",
      "calendars": [
        {
          "name": "all-events",
          "friendlyName": "BBYC Ballard",
          "icsUrl": "bbyc-ballard-all-events.ics",
          "tags": [
            "Beer",
            "Ballard"
          ]
        }
      ]
    },
    {
      "name": "benaroya-hall",
      "friendlyName": "Benaroya Hall",
      "description": "Home of the Seattle Symphony, with the main S. Mark Taper Auditorium and intimate Nordstrom Recital Hall",
      "friendlyLink": "https://www.seattlesymphony.org/benaroyahall",
      "calendars": [
        {
          "name": "benaroya-taper",
          "friendlyName": "Benaroya Hall - S. Mark Taper Auditorium",
          "icsUrl": "benaroya-hall-benaroya-taper.ics",
          "tags": [
            "Music",
            "Downtown"
          ]
        }
      ]
    },
    {
      "name": "burke-museum",
      "description": "Burke Museum",
      "friendlyLink": "https://www.burkemuseum.org/calendar",
      "calendars": [
        {
          "name": "burke-museum",
          "friendlyName": "Burke Museum Events",
          "icsUrl": "burke-museum-burke-museum.ics",
          "tags": [
            "Museums",
            "University District"
          ]
        }
      ]
    },
    {
      "name": "chop-suey",
      "description": "Chop Suey music venue and nightclub events on Capitol Hill",
      "friendlyLink": "https://chopsuey.com",
      "calendars": [
        {
          "name": "all-events",
          "friendlyName": "Chop Suey",
          "icsUrl": "chop-suey-all-events.ics",
          "tags": [
            "Music",
            "Capitol Hill"
          ]
        }
      ]
    },
    {
      "name": "climate-pledge-arena",
      "description": "Seattle's premier arena at Seattle Center, home of the Kraken and Storm",
      "friendlyLink": "https://climatepledgearena.com",
      "calendars": [
        {
          "name": "climate-pledge-arena",
          "friendlyName": "Climate Pledge Arena",
          "icsUrl": "climate-pledge-arena-climate-pledge-arena.ics",
          "tags": [
            "Music",
            "Sports",
            "QueenAnne"
          ]
        }
      ]
    },
    {
      "name": "crocodile",
      "friendlyName": "The Crocodile and Madame Lou's",
      "description": "Legendary Seattle live music venue in Belltown, with the intimate Madame Lou's downstairs",
      "friendlyLink": "https://www.thecrocodile.com",
      "calendars": [
        {
          "name": "crocodile-main",
          "friendlyName": "The Crocodile",
          "icsUrl": "crocodile-crocodile-main.ics",
          "tags": [
            "Music",
            "Belltown"
          ]
        },
        {
          "name": "crocodile-madame-lous",
          "friendlyName": "Madame Lou's",
          "icsUrl": "crocodile-crocodile-madame-lous.ics",
          "tags": [
            "Music",
            "Belltown"
          ]
        }
      ]
    },
    {
      "name": "dogwoodplaypark",
      "description": "Dogwood Play Park and Bar - Indoor dog park events",
      "friendlyLink": "https://www.dogwoodplaypark.com",
      "calendars": [
        {
          "name": "events",
          "friendlyName": "Dogwood Play Park Events",
          "icsUrl": "dogwoodplaypark-events.ics",
          "tags": [
            "Dogs"
          ]
        }
      ]
    },
    {
      "name": "downtown-seattle-association",
      "friendlyName": "Downtown Seattle Association",
      "description": "Downtown Seattle Association Events Calendar",
      "friendlyLink": "https://downtownseattle.org",
      "calendars": [
        {
          "name": "pioneer-park",
          "friendlyName": "Pioneer Park Events",
          "icsUrl": "downtown-seattle-association-pioneer-park.ics",
          "tags": []
        }
      ]
    },
    {
      "name": "el-corazon",
      "friendlyName": "El Corazón and The Funhouse",
      "description": "El Corazón and The Funhouse music venue events",
      "friendlyLink": "https://www.elcorazonseattle.com",
      "calendars": [
        {
          "name": "el-corazon",
          "friendlyName": "El Corazón",
          "icsUrl": "el-corazon-el-corazon.ics",
          "tags": [
            "Music"
          ]
        },
        {
          "name": "the-funhouse",
          "friendlyName": "The Funhouse",
          "icsUrl": "el-corazon-the-funhouse.ics",
          "tags": [
            "Music"
          ]
        }
      ]
    },
    {
      "name": "elliott-bay",
      "description": "Elliott Bay Book Company",
      "friendlyLink": "https://www.elliottbaybook.com/events",
      "calendars": [
        {
          "name": "elliott-bay",
          "friendlyName": "Elliott Bay Book Company Events",
          "icsUrl": "elliott-bay-elliott-bay.ics",
          "tags": [
            "Arts",
            "Education",
            "Capitol Hill"
          ]
        }
      ]
    },
    {
      "name": "events12",
      "description": "Events12 Seattle",
      "friendlyLink": "https://www.events12.com/seattle/",
      "calendars": [
        {
          "name": "seattle-events",
          "friendlyName": "Events12 Seattle",
          "icsUrl": "events12-seattle-events.ics",
          "tags": [
            "Events"
          ]
        }
      ]
    },
    {
      "name": "fremont-arts-council",
      "description": "Fremont Arts Council",
      "friendlyLink": "https://fremontartscouncil.org/calendar",
      "calendars": [
        {
          "name": "all-events",
          "friendlyName": "Fremont Arts Council",
          "icsUrl": "fremont-arts-council-all-events.ics",
          "tags": [
            "Arts",
            "Community",
            "Fremont"
          ]
        }
      ]
    },
    {
      "name": "fremont-brewing",
      "description": "Major Seattle brewery in Fremont with food trucks, beer releases, and community events at the Urban Beer Garden",
      "friendlyLink": "https://www.fremontbrewing.com/fremont-ubg-events",
      "calendars": [
        {
          "name": "all-events",
          "friendlyName": "Fremont Brewing - Fremont",
          "icsUrl": "fremont-brewing-all-events.ics",
          "tags": [
            "Beer",
            "Fremont"
          ]
        }
      ]
    },
    {
      "name": "fremont-brewing-columbia-city",
      "description": "Fremont Brewing's Columbia City Urban Beer Garden with food trucks, art walks, and neighborhood events",
      "friendlyLink": "https://www.fremontbrewing.com/columbia-city-ubg-events",
      "calendars": [
        {
          "name": "all-events",
          "friendlyName": "Fremont Brewing - Columbia City",
          "icsUrl": "fremont-brewing-columbia-city-all-events.ics",
          "tags": [
            "Beer"
          ]
        }
      ]
    },
    {
      "name": "frye-art-museum",
      "description": "Frye Art Museum",
      "friendlyLink": "https://fryemuseum.org/calendar",
      "calendars": [
        {
          "name": "frye-art-museum",
          "friendlyName": "Frye Art Museum",
          "icsUrl": "frye-art-museum-frye-art-museum.ics",
          "tags": [
            "Arts",
            "Museums"
          ]
        }
      ]
    },
    {
      "name": "future-primitive",
      "description": "West Seattle brewery with locations in White Center and Alki hosting trivia, paint nights, and community events",
      "friendlyLink": "https://www.futureprimitivebeer.com/events",
      "calendars": [
        {
          "name": "all-events",
          "friendlyName": "Future Primitive Brewing",
          "icsUrl": "future-primitive-all-events.ics",
          "tags": [
            "Beer",
            "West Seattle"
          ]
        }
      ]
    },
    {
      "name": "hidden-hall",
      "description": "Hidden Hall",
      "friendlyLink": "https://hiddenhall.com",
      "calendars": [
        {
          "name": "events",
          "friendlyName": "Hidden Hall",
          "icsUrl": "hidden-hall-events.ics",
          "tags": [
            "Music",
            "Fremont"
          ]
        }
      ]
    },
    {
      "name": "lucky-envelope",
      "description": "Asian American-owned Ballard brewery known for culturally inspired beers, seasonal celebrations, and community events",
      "friendlyLink": "https://www.luckyenvelopebrewing.com/events",
      "calendars": [
        {
          "name": "all-events",
          "friendlyName": "Lucky Envelope Brewing",
          "icsUrl": "lucky-envelope-all-events.ics",
          "tags": [
            "Beer",
            "Ballard"
          ]
        }
      ]
    },
    {
      "name": "lumen-field",
      "description": "Seattle's major outdoor stadium, home of the Seahawks and Sounders FC",
      "friendlyLink": "https://www.lumenfield.com",
      "calendars": [
        {
          "name": "lumen-field",
          "friendlyName": "Lumen Field",
          "icsUrl": "lumen-field-lumen-field.ics",
          "tags": [
            "Sports"
          ]
        }
      ]
    },
    {
      "name": "majestic-bay",
      "description": "Family-owned movie theater in the heart of Ballard showing first-run, independent, and classic films",
      "friendlyLink": "https://www.majesticbay.com",
      "calendars": [
        {
          "name": "main",
          "friendlyName": "Majestic Bay Theatres",
          "icsUrl": "majestic-bay-main.ics",
          "tags": [
            "Movies",
            "Ballard"
          ]
        }
      ]
    },
    {
      "name": "mccaw-hall",
      "description": "Performing arts venue at Seattle Center, home to Pacific Northwest Ballet and Seattle Opera",
      "friendlyLink": "https://www.mccawhall.com",
      "calendars": [
        {
          "name": "mccaw-hall",
          "friendlyName": "McCaw Hall",
          "icsUrl": "mccaw-hall-mccaw-hall.ics",
          "tags": [
            "Arts",
            "QueenAnne"
          ]
        }
      ]
    },
    {
      "name": "mopop",
      "description": "Museum of Pop Culture",
      "friendlyLink": "https://www.mopop.org",
      "calendars": [
        {
          "name": "events",
          "friendlyName": "Museum of Pop Culture",
          "icsUrl": "mopop-events.ics",
          "tags": [
            "Museums",
            "Arts",
            "Community"
          ]
        }
      ]
    },
    {
      "name": "naam",
      "description": "Northwest African American Museum events calendar",
      "friendlyLink": "https://www.naamnw.org/events",
      "calendars": [
        {
          "name": "all-events",
          "friendlyName": "Northwest African American Museum",
          "icsUrl": "naam-all-events.ics",
          "tags": [
            "Museums",
            "Arts",
            "Community",
            "Central District"
          ]
        }
      ]
    },
    {
      "name": "NWMetalCalendar",
      "description": "NW Metal Calendar",
      "friendlyLink": "https://www.nocleansinging.com",
      "calendars": [
        {
          "name": "NWMetal",
          "friendlyName": "NW Metal Calendar",
          "icsUrl": "NWMetalCalendar-NWMetal.ics",
          "tags": [
            "Music"
          ]
        }
      ]
    },
    {
      "name": "on-the-boards",
      "description": "Contemporary performing arts center in Seattle's Uptown neighborhood presenting adventurous theater, dance, music, and multimedia works",
      "friendlyLink": "https://ontheboards.org/events",
      "calendars": [
        {
          "name": "all-events",
          "friendlyName": "On the Boards",
          "icsUrl": "on-the-boards-all-events.ics",
          "tags": [
            "Arts",
            "QueenAnne"
          ]
        }
      ]
    },
    {
      "name": "pacific-science-center",
      "friendlyName": "Pacific Science Center",
      "description": "Science museum at Seattle Center with interactive exhibits, laser shows, an IMAX theater, and special events for all ages",
      "friendlyLink": "https://pacificsciencecenter.org/events/",
      "calendars": [
        {
          "name": "special-events",
          "friendlyName": "Pacific Science Center Special Events",
          "icsUrl": "pacific-science-center-special-events.ics",
          "tags": [
            "Education",
            "Museums"
          ]
        },
        {
          "name": "laser-dome",
          "friendlyName": "Laser Dome Shows",
          "icsUrl": "pacific-science-center-laser-dome.ics",
          "tags": [
            "Education",
            "Museums",
            "Music"
          ]
        },
        {
          "name": "imax",
          "friendlyName": "IMAX Shows",
          "icsUrl": "pacific-science-center-imax.ics",
          "tags": [
            "Education",
            "Museums"
          ]
        }
      ]
    },
    {
      "name": "perihelion",
      "description": "Beacon Hill brewery and gathering space with weekly live music and community events",
      "friendlyLink": "https://www.perihelion.beer/events",
      "calendars": [
        {
          "name": "all-events",
          "friendlyName": "Perihelion Brewery",
          "icsUrl": "perihelion-all-events.ics",
          "tags": [
            "Beer",
            "Beacon Hill"
          ]
        }
      ]
    },
    {
      "name": "pike-place-market",
      "description": "Pike Place Market Events",
      "friendlyLink": "https://www.pikeplacemarket.org/events/",
      "calendars": [
        {
          "name": "events",
          "friendlyName": "Pike Place Market Events",
          "icsUrl": "pike-place-market-events.ics",
          "tags": [
            "Community",
            "Pike Place"
          ]
        }
      ]
    },
    {
      "name": "rainier-arts-center",
      "description": "Rainier Arts Center",
      "friendlyLink": "https://rainierartscenter.org/events/",
      "calendars": [
        {
          "name": "rainier-arts-center",
          "friendlyName": "Rainier Arts Center",
          "icsUrl": "rainier-arts-center-rainier-arts-center.ics",
          "tags": [
            "Arts",
            "Music",
            "Community"
          ]
        }
      ]
    },
    {
      "name": "ravenna-brewing",
      "description": "Northeast Seattle brewery with a rotating food truck calendar, trivia nights, and live music events",
      "friendlyLink": "https://www.ravennabrewing.com/food-truck-calendar",
      "calendars": [
        {
          "name": "all-events",
          "friendlyName": "Ravenna Brewing",
          "icsUrl": "ravenna-brewing-all-events.ics",
          "tags": [
            "Beer"
          ]
        }
      ]
    },
    {
      "name": "reubens-brews",
      "description": "Reuben's Brews",
      "friendlyLink": "https://reubensbrews.com/events/",
      "calendars": [
        {
          "name": "ballard",
          "friendlyName": "Reuben's Brews - Ballard",
          "icsUrl": "reubens-brews-ballard.ics",
          "tags": [
            "Beer",
            "Ballard"
          ]
        },
        {
          "name": "downtown",
          "friendlyName": "Reuben's Brews - Downtown",
          "icsUrl": "reubens-brews-downtown.ics",
          "tags": [
            "Beer",
            "Downtown"
          ]
        }
      ]
    },
    {
      "name": "sam",
      "friendlyName": "Seattle Art Museum",
      "description": "Seattle Art Museum",
      "friendlyLink": "https://www.seattleartmuseum.org/whats-on/events",
      "calendars": [
        {
          "name": "sam-downtown",
          "friendlyName": "Seattle Art Museum - Downtown",
          "icsUrl": "sam-sam-downtown.ics",
          "tags": [
            "Arts",
            "Museums",
            "Downtown"
          ]
        },
        {
          "name": "sam-asian-art",
          "friendlyName": "Seattle Asian Art Museum",
          "icsUrl": "sam-sam-asian-art.ics",
          "tags": [
            "Arts",
            "Museums",
            "Capitol Hill"
          ]
        },
        {
          "name": "sam-sculpture-park",
          "friendlyName": "Olympic Sculpture Park",
          "icsUrl": "sam-sam-sculpture-park.ics",
          "tags": [
            "Arts",
            "Museums",
            "Belltown"
          ]
        }
      ]
    },
    {
      "name": "seatoday",
      "friendlyName": "SEAtoday",
      "description": "Seattle area events from SEAtoday",
      "friendlyLink": "https://seatoday.6amcity.com/events",
      "calendars": [
        {
          "name": "seatoday-all",
          "friendlyName": "SEAtoday - All Events",
          "icsUrl": "seatoday-seatoday-all.ics",
          "tags": [
            "Events"
          ]
        },
        {
          "name": "seatoday-arts",
          "friendlyName": "SEAtoday - Arts & Culture",
          "icsUrl": "seatoday-seatoday-arts.ics",
          "tags": [
            "Events",
            "Art",
            "Music"
          ]
        },
        {
          "name": "seatoday-food",
          "friendlyName": "SEAtoday - Food & Drink",
          "icsUrl": "seatoday-seatoday-food.ics",
          "tags": [
            "Events",
            "Food",
            "Beer"
          ]
        },
        {
          "name": "seatoday-sports",
          "friendlyName": "SEAtoday - Sports & Outdoors",
          "icsUrl": "seatoday-seatoday-sports.ics",
          "tags": [
            "Events",
            "Sports"
          ]
        },
        {
          "name": "seatoday-learning",
          "friendlyName": "SEAtoday - Learning & Education",
          "icsUrl": "seatoday-seatoday-learning.ics",
          "tags": [
            "Events",
            "Education"
          ]
        },
        {
          "name": "seatoday-community",
          "friendlyName": "SEAtoday - Community & Civic",
          "icsUrl": "seatoday-seatoday-community.ics",
          "tags": [
            "Events",
            "Activism",
            "Volunteer"
          ]
        }
      ]
    },
    {
      "name": "seattle-center",
      "friendlyName": "Seattle Center",
      "description": "Seattle Center campus events including festivals, performances, and community gatherings across venues like the Armory, Climate Pledge Arena, and McCaw Hall",
      "friendlyLink": "https://www.seattlecenter.com/events",
      "calendars": [
        {
          "name": "seattle-center-events",
          "friendlyName": "Seattle Center Events",
          "icsUrl": "seattle-center-seattle-center-events.ics",
          "tags": [
            "Events",
            "QueenAnne"
          ]
        }
      ]
    },
    {
      "name": "seattle-convention-center",
      "friendlyName": "Seattle Convention Center",
      "description": "Seattle's premier convention and event venue hosting conferences, expos, and trade shows in Downtown Seattle",
      "friendlyLink": "https://seattlecc.com",
      "calendars": [
        {
          "name": "all-events",
          "friendlyName": "Seattle Convention Center",
          "icsUrl": "seattle-convention-center-all-events.ics",
          "tags": [
            "Downtown",
            "Events"
          ]
        }
      ]
    },
    {
      "name": "seattle-rep",
      "description": "Seattle Repertory Theatre Performances",
      "friendlyLink": "https://www.seattlerep.org",
      "calendars": [
        {
          "name": "all-performances",
          "friendlyName": "Seattle Rep",
          "icsUrl": "seattle-rep-all-performances.ics",
          "tags": [
            "Theatre"
          ]
        }
      ]
    },
    {
      "name": "SAF",
      "description": "Seattle Architecture Foundation",
      "friendlyLink": "https://seattlearchitecture.org",
      "calendars": [
        {
          "name": "SAF",
          "friendlyName": "Seattle Architecture Foundation",
          "icsUrl": "SAF-SAF.ics",
          "tags": []
        }
      ]
    },
    {
      "name": "showbox-presents",
      "friendlyName": "Showbox Presents",
      "description": "Showbox Presents events across The Showbox, Showbox SoDo, and Neumos venues",
      "friendlyLink": "https://www.showboxpresents.com",
      "calendars": [
        {
          "name": "the-showbox",
          "friendlyName": "The Showbox",
          "icsUrl": "showbox-presents-the-showbox.ics",
          "tags": [
            "Music"
          ]
        },
        {
          "name": "showbox-sodo",
          "friendlyName": "Showbox SoDo",
          "icsUrl": "showbox-presents-showbox-sodo.ics",
          "tags": [
            "Music"
          ]
        },
        {
          "name": "neumos",
          "friendlyName": "Neumos",
          "icsUrl": "showbox-presents-neumos.ics",
          "tags": [
            "Music",
            "Capitol Hill"
          ]
        }
      ]
    },
    {
      "name": "siff",
      "friendlyName": "SIFF Cinema",
      "description": "Seattle International Film Fest",
      "friendlyLink": "https://www.siff.net",
      "calendars": [
        {
          "name": "downtown",
          "friendlyName": "SIFF Cinema Downtown",
          "icsUrl": "siff-downtown.ics",
          "tags": [
            "Movies",
            "Downtown"
          ]
        },
        {
          "name": "uptown",
          "friendlyName": "SIFF Cinema Uptown",
          "icsUrl": "siff-uptown.ics",
          "tags": [
            "Movies",
            "QueenAnne"
          ]
        }
      ]
    },
    {
      "name": "spectrum-dance",
      "description": "Spectrum Dance Theater",
      "friendlyLink": "https://spectrumdance.org",
      "calendars": [
        {
          "name": "spectrum-dance",
          "friendlyName": "Spectrum Dance Theater",
          "icsUrl": "spectrum-dance-spectrum-dance.ics",
          "tags": [
            "Arts"
          ]
        }
      ]
    },
    {
      "name": "spl",
      "friendlyName": "Seattle Public Library",
      "description": "Seattle Public Library",
      "friendlyLink": "https://www.spl.org/event-calendar",
      "calendars": [
        {
          "name": "central-library",
          "friendlyName": "SPL - Central Library",
          "icsUrl": "spl-central-library.ics",
          "tags": [
            "Community",
            "Education",
            "Downtown"
          ]
        },
        {
          "name": "ballard",
          "friendlyName": "SPL - Ballard Branch",
          "icsUrl": "spl-ballard.ics",
          "tags": [
            "Community",
            "Education",
            "Ballard"
          ]
        },
        {
          "name": "beacon-hill",
          "friendlyName": "SPL - Beacon Hill Branch",
          "icsUrl": "spl-beacon-hill.ics",
          "tags": [
            "Community",
            "Education",
            "Beacon Hill"
          ]
        },
        {
          "name": "broadview",
          "friendlyName": "SPL - Broadview Branch",
          "icsUrl": "spl-broadview.ics",
          "tags": [
            "Community",
            "Education"
          ]
        },
        {
          "name": "capitol-hill",
          "friendlyName": "SPL - Capitol Hill Branch",
          "icsUrl": "spl-capitol-hill.ics",
          "tags": [
            "Community",
            "Education",
            "Capitol Hill"
          ]
        },
        {
          "name": "columbia",
          "friendlyName": "SPL - Columbia Branch",
          "icsUrl": "spl-columbia.ics",
          "tags": [
            "Community",
            "Education"
          ]
        },
        {
          "name": "delridge",
          "friendlyName": "SPL - Delridge Branch",
          "icsUrl": "spl-delridge.ics",
          "tags": [
            "Community",
            "Education"
          ]
        },
        {
          "name": "douglass-truth",
          "friendlyName": "SPL - Douglass-Truth Branch",
          "icsUrl": "spl-douglass-truth.ics",
          "tags": [
            "Community",
            "Education",
            "Central District"
          ]
        },
        {
          "name": "fremont",
          "friendlyName": "SPL - Fremont Branch",
          "icsUrl": "spl-fremont.ics",
          "tags": [
            "Community",
            "Education",
            "Fremont"
          ]
        },
        {
          "name": "green-lake",
          "friendlyName": "SPL - Green Lake Branch",
          "icsUrl": "spl-green-lake.ics",
          "tags": [
            "Community",
            "Education"
          ]
        },
        {
          "name": "greenwood",
          "friendlyName": "SPL - Greenwood Branch",
          "icsUrl": "spl-greenwood.ics",
          "tags": [
            "Community",
            "Education",
            "Greenwood"
          ]
        },
        {
          "name": "high-point",
          "friendlyName": "SPL - High Point Branch",
          "icsUrl": "spl-high-point.ics",
          "tags": [
            "Community",
            "Education"
          ]
        },
        {
          "name": "international-district",
          "friendlyName": "SPL - International District/Chinatown Branch",
          "icsUrl": "spl-international-district.ics",
          "tags": [
            "Community",
            "Education",
            "International District"
          ]
        },
        {
          "name": "lake-city",
          "friendlyName": "SPL - Lake City Branch",
          "icsUrl": "spl-lake-city.ics",
          "tags": [
            "Community",
            "Education",
            "Lake City"
          ]
        },
        {
          "name": "magnolia",
          "friendlyName": "SPL - Magnolia Branch",
          "icsUrl": "spl-magnolia.ics",
          "tags": [
            "Community",
            "Education"
          ]
        },
        {
          "name": "newholly",
          "friendlyName": "SPL - NewHolly Branch",
          "icsUrl": "spl-newholly.ics",
          "tags": [
            "Community",
            "Education"
          ]
        },
        {
          "name": "northeast",
          "friendlyName": "SPL - Northeast Branch",
          "icsUrl": "spl-northeast.ics",
          "tags": [
            "Community",
            "Education"
          ]
        },
        {
          "name": "northgate",
          "friendlyName": "SPL - Northgate Branch",
          "icsUrl": "spl-northgate.ics",
          "tags": [
            "Community",
            "Education"
          ]
        },
        {
          "name": "queen-anne",
          "friendlyName": "SPL - Queen Anne Branch",
          "icsUrl": "spl-queen-anne.ics",
          "tags": [
            "Community",
            "Education",
            "QueenAnne"
          ]
        },
        {
          "name": "rainier-beach",
          "friendlyName": "SPL - Rainier Beach Branch",
          "icsUrl": "spl-rainier-beach.ics",
          "tags": [
            "Community",
            "Education"
          ]
        },
        {
          "name": "south-park",
          "friendlyName": "SPL - South Park Branch",
          "icsUrl": "spl-south-park.ics",
          "tags": [
            "Community",
            "Education"
          ]
        },
        {
          "name": "southwest",
          "friendlyName": "SPL - Southwest Branch",
          "icsUrl": "spl-southwest.ics",
          "tags": [
            "Community",
            "Education"
          ]
        },
        {
          "name": "west-seattle",
          "friendlyName": "SPL - West Seattle Branch",
          "icsUrl": "spl-west-seattle.ics",
          "tags": [
            "Community",
            "Education",
            "West Seattle"
          ]
        },
        {
          "name": "online",
          "friendlyName": "SPL - Online Events",
          "icsUrl": "spl-online.ics",
          "tags": [
            "Community",
            "Education"
          ]
        }
      ]
    },
    {
      "name": "stg",
      "friendlyName": "Seattle Theatre Group",
      "description": "Seattle Theatre Group - Paramount, Moore, and Neptune Theatres",
      "friendlyLink": "https://www.stgpresents.org",
      "calendars": [
        {
          "name": "stg-paramount",
          "friendlyName": "STG - Paramount Theatre",
          "icsUrl": "stg-stg-paramount.ics",
          "tags": [
            "Theatre",
            "Downtown"
          ]
        },
        {
          "name": "stg-moore",
          "friendlyName": "STG - Moore Theatre",
          "icsUrl": "stg-stg-moore.ics",
          "tags": [
            "Theatre",
            "Belltown"
          ]
        },
        {
          "name": "stg-neptune",
          "friendlyName": "STG - Neptune Theatre",
          "icsUrl": "stg-stg-neptune.ics",
          "tags": [
            "Theatre",
            "University District"
          ]
        }
      ]
    },
    {
      "name": "stoup-brewing",
      "description": "Stoup Brewing",
      "friendlyLink": "https://stoupbrewing.com/stoup-events/",
      "calendars": [
        {
          "name": "ballard",
          "friendlyName": "Stoup Brewing - Ballard",
          "icsUrl": "stoup-brewing-ballard.ics",
          "tags": [
            "Beer",
            "Ballard"
          ]
        },
        {
          "name": "capitol-hill",
          "friendlyName": "Stoup Brewing - Capitol Hill",
          "icsUrl": "stoup-brewing-capitol-hill.ics",
          "tags": [
            "Beer",
            "Capitol Hill"
          ]
        },
        {
          "name": "kenmore",
          "friendlyName": "Stoup Brewing - Kenmore",
          "icsUrl": "stoup-brewing-kenmore.ics",
          "tags": [
            "Beer"
          ]
        }
      ]
    },
    {
      "name": "substation",
      "description": "Substation",
      "friendlyLink": "https://www.substationseattle.com",
      "calendars": [
        {
          "name": "substation",
          "friendlyName": "Substation",
          "icsUrl": "substation-substation.ics",
          "tags": [
            "Music",
            "Ballard"
          ]
        }
      ]
    },
    {
      "name": "sunset-tavern",
      "description": "Sunset Tavern",
      "friendlyLink": "https://sunsettavern.com/shows/",
      "calendars": [
        {
          "name": "sunset-tavern",
          "friendlyName": "Sunset Tavern",
          "icsUrl": "sunset-tavern-sunset-tavern.ics",
          "tags": [
            "Music",
            "Ballard"
          ]
        }
      ]
    },
    {
      "name": "t-mobile-park",
      "description": "Home of the Seattle Mariners, with a retractable roof and year-round events",
      "friendlyLink": "https://www.mlb.com/mariners/ballpark",
      "calendars": [
        {
          "name": "t-mobile-park",
          "friendlyName": "T-Mobile Park",
          "icsUrl": "t-mobile-park-t-mobile-park.ics",
          "tags": [
            "Sports"
          ]
        }
      ]
    },
    {
      "name": "taproot",
      "description": "Taproot Theatre",
      "friendlyLink": "https://taproottheatre.org",
      "calendars": [
        {
          "name": "taproot",
          "friendlyName": "Taproot Theatre",
          "icsUrl": "taproot-taproot.ics",
          "tags": [
            "Theatre",
            "Greenwood"
          ]
        }
      ]
    },
    {
      "name": "tractor-tavern",
      "description": "Intimate Ballard music venue known for Americana, folk, indie, and roots music",
      "friendlyLink": "https://tractortavern.com",
      "calendars": [
        {
          "name": "tractor-tavern",
          "friendlyName": "Tractor Tavern",
          "icsUrl": "tractor-tavern-tractor-tavern.ics",
          "tags": [
            "Music",
            "Ballard"
          ]
        }
      ]
    },
    {
      "name": "urbancraftuprising",
      "description": "Urban Craft Uprising - Pacific Northwest indie craft shows and markets",
      "friendlyLink": "https://urbancraftuprising.com",
      "calendars": [
        {
          "name": "events",
          "friendlyName": "Urban Craft Uprising Events",
          "icsUrl": "urbancraftuprising-events.ics",
          "tags": [
            "MakersMarket",
            "Art"
          ]
        }
      ]
    },
    {
      "name": "vera-project",
      "description": "The Vera Project",
      "friendlyLink": "https://theveraproject.org/events/",
      "calendars": [
        {
          "name": "vera-project",
          "friendlyName": "The Vera Project",
          "icsUrl": "vera-project-vera-project.ics",
          "tags": [
            "Music",
            "Arts"
          ]
        }
      ]
    },
    {
      "name": "wamu-theater",
      "description": "Versatile indoor concert venue inside the Lumen Field Event Center",
      "friendlyLink": "https://www.wamutheater.com",
      "calendars": [
        {
          "name": "wamu-theater",
          "friendlyName": "WAMU Theater",
          "icsUrl": "wamu-theater-wamu-theater.ics",
          "tags": [
            "Music"
          ]
        }
      ]
    },
    {
      "name": "wing-luke",
      "description": "Wing Luke Museum events calendar",
      "friendlyLink": "https://www.wingluke.org/eventscalendar",
      "calendars": [
        {
          "name": "all-events",
          "friendlyName": "Wing Luke Museum",
          "icsUrl": "wing-luke-all-events.ics",
          "tags": [
            "Museums",
            "Arts",
            "Community",
            "International District"
          ]
        }
      ]
    }
  ],
  "recurringCalendars": [
    {
      "name": "ballard-artwalk",
      "friendlyName": "Ballard Art Walk",
      "icsUrl": "recurring-ballard-artwalk.ics",
      "tags": [
        "Artwalk",
        "Ballard"
      ]
    },
    {
      "name": "belltown-artwalk",
      "friendlyName": "Belltown Art Walk",
      "icsUrl": "recurring-belltown-artwalk.ics",
      "tags": [
        "Artwalk",
        "Belltown"
      ]
    },
    {
      "name": "capitol-hill-artwalk",
      "friendlyName": "Capitol Hill Art Walk",
      "icsUrl": "recurring-capitol-hill-artwalk.ics",
      "tags": [
        "Artwalk",
        "Capitol Hill"
      ]
    },
    {
      "name": "central-district-artwalk-friday",
      "friendlyName": "Central District Art Walk (First Friday)",
      "icsUrl": "recurring-central-district-artwalk-friday.ics",
      "tags": [
        "Artwalk",
        "Central District"
      ]
    },
    {
      "name": "central-district-artwalk-saturday",
      "friendlyName": "Central District Art Walk (Second Saturday)",
      "icsUrl": "recurring-central-district-artwalk-saturday.ics",
      "tags": [
        "Artwalk",
        "Central District"
      ]
    },
    {
      "name": "chinatown-id-artwalk",
      "friendlyName": "Chinatown/International District Art Walk",
      "icsUrl": "recurring-chinatown-id-artwalk.ics",
      "tags": [
        "Artwalk",
        "International District"
      ]
    },
    {
      "name": "downtown-seattle-artwalk",
      "friendlyName": "Downtown Seattle Art Walk",
      "icsUrl": "recurring-downtown-seattle-artwalk.ics",
      "tags": [
        "Artwalk",
        "Downtown"
      ]
    },
    {
      "name": "fremont-artwalk",
      "friendlyName": "Fremont First Friday Art Walk",
      "icsUrl": "recurring-fremont-artwalk.ics",
      "tags": [
        "Artwalk",
        "Fremont"
      ]
    },
    {
      "name": "georgetown-artwalk",
      "friendlyName": "Georgetown Art Attack",
      "icsUrl": "recurring-georgetown-artwalk.ics",
      "tags": [
        "Artwalk",
        "Georgetown"
      ]
    },
    {
      "name": "lake-city-artwalk",
      "friendlyName": "Lake City Art Walk",
      "icsUrl": "recurring-lake-city-artwalk.ics",
      "tags": [
        "Artwalk",
        "Lake City"
      ]
    },
    {
      "name": "phinney-greenwood-artwalk",
      "friendlyName": "Phinney/Greenwood Art Walk",
      "icsUrl": "recurring-phinney-greenwood-artwalk.ics",
      "tags": [
        "Artwalk",
        "Phinney",
        "Greenwood"
      ]
    },
    {
      "name": "pike-place-artwalk",
      "friendlyName": "Pike Place Summer Art Walk",
      "icsUrl": "recurring-pike-place-artwalk.ics",
      "tags": [
        "Artwalk",
        "Pike Place"
      ]
    },
    {
      "name": "pioneer-square-artwalk",
      "friendlyName": "Pioneer Square Art Walk",
      "icsUrl": "recurring-pioneer-square-artwalk.ics",
      "tags": [
        "Artwalk",
        "Pioneer Square"
      ]
    },
    {
      "name": "university-district-artwalk",
      "friendlyName": "University District Art Walk",
      "icsUrl": "recurring-university-district-artwalk.ics",
      "tags": [
        "Artwalk",
        "University District"
      ]
    },
    {
      "name": "wallingford-artwalk",
      "friendlyName": "Wallingford Art Walk",
      "icsUrl": "recurring-wallingford-artwalk.ics",
      "tags": [
        "Artwalk",
        "Wallingford"
      ]
    },
    {
      "name": "west-seattle-artwalk",
      "friendlyName": "West Seattle Art Walk",
      "icsUrl": "recurring-west-seattle-artwalk.ics",
      "tags": [
        "Artwalk",
        "West Seattle"
      ]
    },
    {
      "name": "ballard-farmers-market",
      "friendlyName": "Ballard Farmers Market",
      "icsUrl": "recurring-ballard-farmers-market.ics",
      "tags": [
        "FarmersMarket",
        "Ballard"
      ]
    },
    {
      "name": "u-district-farmers-market",
      "friendlyName": "University District Farmers Market",
      "icsUrl": "recurring-u-district-farmers-market.ics",
      "tags": [
        "FarmersMarket"
      ]
    },
    {
      "name": "capitol-hill-farmers-market",
      "friendlyName": "Capitol Hill Farmers Market",
      "icsUrl": "recurring-capitol-hill-farmers-market.ics",
      "tags": [
        "FarmersMarket",
        "Capitol Hill"
      ]
    },
    {
      "name": "columbia-city-farmers-market",
      "friendlyName": "Columbia City Farmers Market",
      "icsUrl": "recurring-columbia-city-farmers-market.ics",
      "tags": [
        "FarmersMarket",
        "Community"
      ]
    },
    {
      "name": "west-seattle-farmers-market",
      "friendlyName": "West Seattle Farmers Market",
      "icsUrl": "recurring-west-seattle-farmers-market.ics",
      "tags": [
        "FarmersMarket",
        "West Seattle"
      ]
    },
    {
      "name": "lake-city-farmers-market",
      "friendlyName": "Lake City Farmers Market",
      "icsUrl": "recurring-lake-city-farmers-market.ics",
      "tags": [
        "FarmersMarket",
        "Lake City"
      ]
    },
    {
      "name": "fremont-sunday-market",
      "friendlyName": "Fremont Sunday Market",
      "icsUrl": "recurring-fremont-sunday-market.ics",
      "tags": [
        "MakersMarket",
        "Fremont"
      ]
    },
    {
      "name": "magnolia-farmers-market",
      "friendlyName": "Magnolia Farmers Market",
      "icsUrl": "recurring-magnolia-farmers-market.ics",
      "tags": [
        "FarmersMarket",
        "Community"
      ]
    },
    {
      "name": "wallingford-farmers-market",
      "friendlyName": "Wallingford Farmers Market",
      "icsUrl": "recurring-wallingford-farmers-market.ics",
      "tags": [
        "FarmersMarket",
        "Wallingford"
      ]
    },
    {
      "name": "capitol-hill-tuesday-market",
      "friendlyName": "Capitol Hill Tuesday Farmers Market",
      "icsUrl": "recurring-capitol-hill-tuesday-market.ics",
      "tags": [
        "FarmersMarket",
        "Capitol Hill"
      ]
    },
    {
      "name": "columbia-city-night-market",
      "friendlyName": "Columbia City Night Market",
      "icsUrl": "recurring-columbia-city-night-market.ics",
      "tags": [
        "MakersMarket",
        "Community"
      ]
    },
    {
      "name": "210-seattle-night-market",
      "friendlyName": "210 Seattle Night Market",
      "icsUrl": "recurring-210-seattle-night-market.ics",
      "tags": [
        "MakersMarket",
        "Pioneer Square"
      ]
    },
    {
      "name": "georgetown-flea-market",
      "friendlyName": "Georgetown Flea Market",
      "icsUrl": "recurring-georgetown-flea-market.ics",
      "tags": [
        "MakersMarket",
        "Georgetown"
      ]
    },
    {
      "name": "food-truck-round-up",
      "friendlyName": "Food Truck Round-Up",
      "icsUrl": "recurring-food-truck-round-up.ics",
      "tags": [
        "Food",
        "Community"
      ]
    },
    {
      "name": "free-first-thursday",
      "friendlyName": "Free First Thursday at Seattle Area Museums",
      "icsUrl": "recurring-free-first-thursday.ics",
      "tags": [
        "Museums",
        "Community"
      ]
    },
    {
      "name": "seattle-critical-mass",
      "friendlyName": "Seattle Critical Mass",
      "icsUrl": "recurring-seattle-critical-mass.ics",
      "tags": [
        "Cycling",
        "Downtown"
      ]
    }
  ],
  "externalCalendars": [
    {
      "name": "seattle-greenways",
      "friendlyName": "Seattle Neighborhood Greenways Events",
      "description": "Events with Seattle Neighborhood Greenways",
      "icsUrl": "external-seattle-greenways.ics",
      "originalIcsUrl": "https://calendar.google.com/calendar/ical/lt0lmiorecihqc99od0hnrtl54%40group.calendar.google.com/public/basic.ics",
      "infoUrl": "https://www.seattlegreenways.org/get-involved/calendar/",
      "tags": [
        "Activism"
      ]
    },
    {
      "name": "the-urbanist",
      "friendlyName": "The Urbanist's Local Events",
      "description": "Events with The Urbanist",
      "icsUrl": "external-the-urbanist.ics",
      "originalIcsUrl": "https://calendar.google.com/calendar/ical/d80bfc1d68b67201a0040905022054725954d631248c49a12df12924f5f7293d%40group.calendar.google.com/public/basic.ics",
      "infoUrl": "https://www.theurbanist.org/upcoming-events/",
      "tags": [
        "Activism"
      ]
    },
    {
      "name": "350-seattle",
      "friendlyName": "350 Seattle",
      "description": "Grassroots climate justice organization focused on climate action in the Seattle area",
      "icsUrl": "external-350-seattle.ics",
      "originalIcsUrl": "https://calendar.google.com/calendar/ical/npg8h9l5gq75uvi8hb4dinbhh0%40group.calendar.google.com/public/basic.ics",
      "infoUrl": "https://350seattle.org/calendar/",
      "tags": [
        "Activism"
      ]
    },
    {
      "name": "seattle-dsa",
      "friendlyName": "Seattle DSA",
      "description": "Seattle chapter of the Democratic Socialists of America organizing around housing, transit, and social justice",
      "icsUrl": "external-seattle-dsa.ics",
      "originalIcsUrl": "https://seattledsa.org/?post_type=tribe_events&ical=1&eventDisplay=list",
      "infoUrl": "https://seattledsa.org/events/",
      "tags": [
        "Activism"
      ]
    },
    {
      "name": "cascadia-climate-action",
      "friendlyName": "Cascadia Climate Action",
      "description": "Aggregated calendar of climate and clean energy action events across the Pacific Northwest",
      "icsUrl": "external-cascadia-climate-action.ics",
      "originalIcsUrl": "https://calendar.google.com/calendar/ical/72dh5ehol3oufbkusqagta0qf8%40group.calendar.google.com/public/basic.ics",
      "infoUrl": "https://cascadiaclimateaction.org/upcomingevents/",
      "tags": [
        "Activism"
      ]
    },
    {
      "name": "seattle-parks-foundation",
      "friendlyName": "The Seattle Parks Foundation",
      "description": "Seattle Parks Foundation",
      "icsUrl": "external-seattle-parks-foundation.ics",
      "originalIcsUrl": "https://www.seattleparksfoundation.org/?post_type=tribe_events&ical=1&eventDisplay=list",
      "infoUrl": "https://www.seattleparksfoundation.org/events/",
      "tags": [
        "Volunteer"
      ]
    },
    {
      "name": "chucks-hop-shop-central-district",
      "friendlyName": "Chuck's Hop Shop - Central District",
      "description": "Chuck's Hop Shop Central District location events - craft beer, food trucks, and community events",
      "icsUrl": "external-chucks-hop-shop-central-district.ics",
      "originalIcsUrl": "https://calendar.google.com/calendar/ical/gpa2fn017a4ttjbdk3acgo4ks0%40group.calendar.google.com/public/basic.ics",
      "infoUrl": "https://www.chuckshopshop.com/central-district",
      "tags": [
        "Beer",
        "Central District"
      ]
    },
    {
      "name": "chucks-hop-shop-greenwood",
      "friendlyName": "Chuck's Hop Shop - Greenwood",
      "description": "Chuck's Hop Shop Greenwood location events - craft beer, food trucks, and community events",
      "icsUrl": "external-chucks-hop-shop-greenwood.ics",
      "originalIcsUrl": "https://calendar.google.com/calendar/ical/qfkej3ne0281epth4r5bqdb8gg%40group.calendar.google.com/public/basic.ics",
      "infoUrl": "https://www.chuckshopshop.com/greenwood",
      "tags": [
        "Beer",
        "Greenwood"
      ]
    },
    {
      "name": "chucks-hop-shop-seward-park",
      "friendlyName": "Chuck's Hop Shop - Seward Park",
      "description": "Chuck's Hop Shop Seward Park location events - craft beer, food trucks, and community events",
      "icsUrl": "external-chucks-hop-shop-seward-park.ics",
      "originalIcsUrl": "https://calendar.google.com/calendar/ical/c_4abs9f65281tp530jsbhkb3vjg%40group.calendar.google.com/public/basic.ics",
      "infoUrl": "https://www.chuckshopshop.com/sewardpark",
      "tags": [
        "Beer",
        "Seward Park"
      ]
    },
    {
      "name": "teku-tavern",
      "friendlyName": "TeKu Tavern",
      "description": "Beer bar and bottle shop in South Lake Union with 56 taps, 1,500+ bottles, trivia nights, and specialty beer events",
      "icsUrl": "external-teku-tavern.ics",
      "originalIcsUrl": "https://calendar.google.com/calendar/ical/1f3b1c679eb86b0463f72c90fb1f3b38f37ea9521a4ba709e819a5249a58e6f7%40group.calendar.google.com/public/basic.ics",
      "infoUrl": "https://www.tekutavern.beer/events",
      "tags": [
        "Beer"
      ]
    },
    {
      "name": "washington-beer-blog",
      "friendlyName": "Washington Beer Blog Events",
      "description": "Washington Beer Blog",
      "icsUrl": "external-washington-beer-blog.ics",
      "originalIcsUrl": "https://calendar.google.com/calendar/ical/beerchurch%40gmail.com/public/basic.ics",
      "infoUrl": "https://washingtonbeerblog.com/wa-beer-events/",
      "tags": [
        "Beer"
      ]
    },
    {
      "name": "Geekwire",
      "friendlyName": "Geekwire Events",
      "description": "GeekWire Events attract thousands of people to network, learn, recruit, do business, and make valuable connections with other members of the business, tech, life sciences, and innovation communities.",
      "icsUrl": "external-Geekwire.ics",
      "originalIcsUrl": "https://www.geekwire.com/?post_type=tribe_events&ical=1&eventDisplay=list",
      "infoUrl": "https://www.geekwire.com/events/",
      "tags": []
    },
    {
      "name": "the-beacon-cinema",
      "friendlyName": "The Beacon Cinema",
      "description": "Independent arthouse cinema in Columbia City showing curated films, repertory screenings, and special events",
      "icsUrl": "external-the-beacon-cinema.ics",
      "originalIcsUrl": "https://seattle-movies.innocence.com/thebeacon.ics",
      "infoUrl": "https://thebeacon.film/",
      "tags": [
        "Movies",
        "Community"
      ]
    },
    {
      "name": "central-cinema",
      "friendlyName": "Central Cinema",
      "description": "Dinner theater showing classic, cult, and independent films with food and drinks on Capitol Hill",
      "icsUrl": "external-central-cinema.ics",
      "originalIcsUrl": "https://seattle-movies.innocence.com/centralcinema.ics",
      "infoUrl": "https://central-cinema.com/",
      "tags": [
        "Movies",
        "Capitol Hill"
      ]
    },
    {
      "name": "grand-illusion-cinema",
      "friendlyName": "Grand Illusion Cinema",
      "description": "Nonprofit microcinema in the University District showing independent, experimental, and classic films",
      "icsUrl": "external-grand-illusion-cinema.ics",
      "originalIcsUrl": "https://seattle-movies.innocence.com/grandillusion.ics",
      "infoUrl": "https://grandillusioncinema.org/",
      "tags": [
        "Movies"
      ]
    },
    {
      "name": "nw-film-forum",
      "friendlyName": "Northwest Film Forum",
      "description": "Nonprofit film arts center on Capitol Hill presenting independent, international, and local films",
      "icsUrl": "external-nw-film-forum.ics",
      "originalIcsUrl": "https://seattle-movies.innocence.com/nwff.ics",
      "infoUrl": "https://nwfilmforum.org/",
      "tags": [
        "Movies",
        "Arts",
        "Capitol Hill"
      ]
    },
    {
      "name": "mohai",
      "friendlyName": "MOHAI - Museum of History & Industry",
      "description": "Events at the Museum of History & Industry in South Lake Union including exhibits, talks, and community programs",
      "icsUrl": "external-mohai.ics",
      "originalIcsUrl": "https://mohai.org/?post_type=tribe_events&ical=1&eventDisplay=list",
      "infoUrl": "https://mohai.org/events/",
      "tags": [
        "Museums",
        "Community"
      ]
    },
    {
      "name": "seattle-gov-city-wide",
      "friendlyName": "City of Seattle Events",
      "description": "City of Seattle city-wide event calendar including public meetings, community events, volunteer opportunities, and civic engagement",
      "icsUrl": "external-seattle-gov-city-wide.ics",
      "originalIcsUrl": "https://www.trumba.com/calendars/seattlegov-city-wide.ics",
      "infoUrl": "https://www.seattle.gov/event-calendar",
      "tags": [
        "Community"
      ]
    },
    {
      "name": "seattle-gov-neighborhoods",
      "friendlyName": "City of Seattle — Department of Neighborhoods",
      "description": "City of Seattle Department of Neighborhoods",
      "icsUrl": "external-seattle-gov-neighborhoods.ics",
      "originalIcsUrl": "https://www.trumba.com/calendars/neighborhoods.ics",
      "infoUrl": "https://www.seattle.gov/neighborhoods/event-calendar",
      "tags": [
        "Community"
      ]
    },
    {
      "name": "seattle-gov-arts",
      "friendlyName": "City of Seattle — Office of Arts & Cultural Affairs",
      "description": "Seattle Office of Arts & Culture",
      "icsUrl": "external-seattle-gov-arts.ics",
      "originalIcsUrl": "https://www.trumba.com/calendars/arts-and-cultural-affairs.ics",
      "infoUrl": "https://www.seattle.gov/arts/experience/events",
      "tags": [
        "Arts",
        "Community"
      ]
    },
    {
      "name": "seattle-gov-special-events",
      "friendlyName": "City of Seattle — Special Events Planning Calendar",
      "description": "City of Seattle Special Events Planning Calendar",
      "icsUrl": "external-seattle-gov-special-events.ics",
      "originalIcsUrl": "https://www.trumba.com/calendars/SpecialEventsPlanningCalendar.ics",
      "infoUrl": "https://www.seattle.gov/special-events/plan-an-event/calendar",
      "tags": [
        "Community"
      ]
    },
    {
      "name": "uw-campus-events",
      "friendlyName": "University of Washington — Campus Events",
      "description": "University of Washington",
      "icsUrl": "external-uw-campus-events.ics",
      "originalIcsUrl": "https://www.trumba.com/calendars/sea_campus.ics",
      "infoUrl": "https://calendar.washington.edu/",
      "tags": [
        "Community",
        "Arts",
        "Music",
        "University District"
      ]
    },
    {
      "name": "uw-school-of-music",
      "friendlyName": "University of Washington — School of Music",
      "description": "UW School of Music",
      "icsUrl": "external-uw-school-of-music.ics",
      "originalIcsUrl": "https://www.trumba.com/calendars/sea_music.ics",
      "infoUrl": "https://music.washington.edu/",
      "tags": [
        "Music",
        "University District"
      ]
    },
    {
      "name": "uw-school-of-art",
      "friendlyName": "University of Washington — School of Art + Art History + Design",
      "description": "UW School of Art + Art History + Design",
      "icsUrl": "external-uw-school-of-art.ics",
      "originalIcsUrl": "https://www.trumba.com/calendars/sea_art.ics",
      "infoUrl": "https://art.uw.edu/",
      "tags": [
        "Arts",
        "University District"
      ]
    },
    {
      "name": "worksource-north-seattle",
      "friendlyName": "WorkSource North Seattle",
      "description": "WorkSource North Seattle",
      "icsUrl": "external-worksource-north-seattle.ics",
      "originalIcsUrl": "https://www.trumba.com/calendars/worksource-north-seattle.ics",
      "infoUrl": "https://www.worksourcewa.com/",
      "tags": [
        "Community",
        "Education"
      ]
    },
    {
      "name": "worksource-downtown-seattle",
      "friendlyName": "WorkSource Downtown Seattle",
      "description": "WorkSource Downtown Seattle",
      "icsUrl": "external-worksource-downtown-seattle.ics",
      "originalIcsUrl": "https://www.trumba.com/calendars/worksource-downtown-seattle.ics",
      "infoUrl": "https://www.worksourcewa.com/",
      "tags": [
        "Community",
        "Education"
      ]
    },
    {
      "name": "hugo-house",
      "friendlyName": "Hugo House",
      "description": "Hugo House",
      "icsUrl": "external-hugo-house.ics",
      "originalIcsUrl": "https://hugohouse.org/programs-events/?ical=1&tribe_display=list",
      "infoUrl": "https://hugohouse.org/programs-events/",
      "tags": [
        "Arts",
        "Community",
        "Capitol Hill"
      ]
    },
    {
      "name": "unexpected-productions",
      "friendlyName": "Unexpected Productions",
      "description": "Seattle's oldest improv theater in Pike Place Market - 10+ shows per week including Theatresports",
      "icsUrl": "external-unexpected-productions.ics",
      "originalIcsUrl": "https://www.unexpectedproductions.org/?post_type=tribe_events&ical=1&eventDisplay=list",
      "infoUrl": "https://www.unexpectedproductions.org/",
      "tags": [
        "Theatre",
        "Pike Place"
      ]
    },
    {
      "name": "clock-out-lounge",
      "friendlyName": "Clock-Out Lounge",
      "description": "Intimate 99-capacity music venue in Beacon Hill - the only live music venue in the neighborhood",
      "icsUrl": "external-clock-out-lounge.ics",
      "originalIcsUrl": "https://clockoutlounge.com/?post_type=tribe_events&ical=1&eventDisplay=list",
      "infoUrl": "https://clockoutlounge.com/",
      "tags": [
        "Music",
        "Beacon Hill"
      ]
    },
    {
      "name": "town-hall-seattle",
      "friendlyName": "Town Hall Seattle",
      "description": "Nonprofit civic venue hosting 350+ events per year - talks, performances, and civic discourse",
      "icsUrl": "external-town-hall-seattle.ics",
      "originalIcsUrl": "https://townhallseattle.org/?post_type=tribe_events&ical=1&eventDisplay=list",
      "infoUrl": "https://townhallseattle.org/events/",
      "tags": [
        "Community",
        "Arts"
      ]
    },
    {
      "name": "united-indians-daybreak-star",
      "friendlyName": "United Indians / Daybreak Star",
      "description": "Cultural center in Discovery Park - events include Seafair Indian Days Powwow, Native Art Market, and cultural celebrations",
      "icsUrl": "external-united-indians-daybreak-star.ics",
      "originalIcsUrl": "https://unitedindians.org/?post_type=tribe_events&ical=1",
      "infoUrl": "https://unitedindians.org/events/",
      "tags": [
        "Community",
        "Arts"
      ]
    }
  ],
  "tags": [
    "Activism",
    "Art",
    "Arts",
    "Artwalk",
    "Ballard",
    "Beacon Hill",
    "Beer",
    "Belltown",
    "Capitol Hill",
    "Central District",
    "Community",
    "Cycling",
    "Dogs",
    "Downtown",
    "Education",
    "Events",
    "FarmersMarket",
    "Food",
    "Fremont",
    "Georgetown",
    "Greenwood",
    "International District",
    "Lake City",
    "MakersMarket",
    "Movies",
    "Museums",
    "Music",
    "Phinney",
    "Pike Place",
    "Pioneer Square",
    "QueenAnne",
    "Seward Park",
    "Sports",
    "Theatre",
    "University District",
    "Volunteer",
    "Wallingford",
    "West Seattle"
  ]
}